status,url
failed,https://www.naukri.com/job-listings-aws-devops-engineer-wipro-limited-pune-bengaluru-6-to-10-years-260624908368
failed,https://www.naukri.com/job-listings-aws-devops-engineer-tata-consultancy-services-tcs-chennai-bengaluru-delhi-ncr-5-to-8-years-110324007603
failed,https://www.naukri.com/job-listings-aws-devops-engineer-infogain-noida-pune-bangalore-rural-3-to-6-years-040324002199
failed,https://www.naukri.com/job-listings-aws-devops-engineer-sme-capgemini-technology-services-india-limited-mumbai-6-to-11-years-260624912794
failed,https://www.naukri.com/job-listings-aws-devops-engineer-capgemini-technology-services-india-limited-mumbai-9-to-12-years-260624910988
failed,https://www.naukri.com/job-listings-aws-devops-engineer-capgemini-technology-services-india-limited-mumbai-6-to-9-years-260624908879
failed,https://www.naukri.com/job-listings-aws-devops-engineer-wipro-limited-hyderabad-chennai-7-to-12-years-260624908342
failed,https://www.naukri.com/job-listings-aws-devops-engineer-5-years-of-experience-allegis-group-chennai-5-to-9-years-030424004464
failed,https://www.naukri.com/job-listings-aws-devops-engineer-ipropal-allps-kolkata-mumbai-new-delhi-hyderabad-pune-chennai-bengaluru-5-to-10-years-190624501952
failed,https://www.naukri.com/job-listings-aws-devops-engineer-essenware-private-limted-pune-3-to-5-years-300323500916
failed,https://www.naukri.com/job-listings-associate-aws-devops-engineer-boeing-india-private-limited-limited-bengaluru-5-to-9-years-250624904341
failed,https://www.naukri.com/job-listings-experienced-aws-devops-engineer-boeing-india-private-limited-limited-bengaluru-9-to-14-years-240624905235
failed,https://www.naukri.com/job-listings-aws-devops-engineer-immediate-joiner-tata-consultancy-services-tcs-hyderabad-7-to-12-years-130624006493
failed,https://www.naukri.com/job-listings-aws-devops-engineer-acviss-technologies-bangalore-bengaluru-2-to-5-years-050823003249
failed,https://www.naukri.com/job-listings-aws-devops-engineer-allime-tech-solutions-bengaluru-8-to-12-years-160524501553
failed,https://www.naukri.com/job-listings-aws-devops-engineer-allime-tech-solutions-bengaluru-5-to-10-years-180424500871
failed,https://www.naukri.com/job-listings-infrastructure-specialist-aws-devops-ibm-india-pvt-limited-bengaluru-8-to-12-years-110624908700
failed,https://www.naukri.com/job-listings-senior-aws-devops-engineer-oneadvanced-ahmedabad-bengaluru-vadodara-6-to-11-years-060624012106
failed,https://www.naukri.com/job-listings-aws-devops-developer-aws-devops-engineer-sr-aws-devops-developer-4bell-technology-mumbai-bengaluru-delhi-ncr-5-to-10-years-050624911117
failed,https://www.naukri.com/job-listings-aws-devops-sr-engineer-lead-global-pharma-tek-bengaluru-7-to-12-years-130224500733
failed,https://www.naukri.com/job-listings-senior-devops-engineer-blink-health-remote-5-to-10-years-221123500393
failed,https://www.naukri.com/job-listings-senior-devops-engineer-docyt-remote-4-to-8-years-190124501419
failed,https://www.naukri.com/job-listings-sr-devops-engineer-remote-expertflow-remote-5-to-10-years-170424501102
failed,https://www.naukri.com/job-listings-sr-devops-engineer-leewayhertz-technologies-pvt-ltd-remote-2-to-4-years-030624503736
failed,https://www.naukri.com/job-listings-senior-devops-engineer-binance-remote-3-to-8-years-270122502404
failed,https://www.naukri.com/job-listings-sr-devops-engineer-valiance-solutions-remote-2-to-4-years-250422501005
failed,https://www.naukri.com/job-listings-senior-devops-engineer-nexturn-remote-6-to-11-years-220523500459
failed,https://www.naukri.com/job-listings-sr-devops-engineer-brightinsight-remote-2-to-8-years-210622501666
failed,https://www.naukri.com/job-listings-senior-devops-engineers-airo-digital-labs-india-pvt-ltd-remote-8-to-13-years-180822500651
failed,https://www.naukri.com/job-listings-senior-devops-engineer-platform-highlevel-remote-5-to-8-years-170123501276
failed,https://www.naukri.com/job-listings-sr-devops-engineer-devops-dba-mnj-software-private-limited-remote-5-to-8-years-141122503556
failed,https://www.naukri.com/job-listings-senior-devops-engineer-automation-configuration-management-mnj-software-private-limited-remote-2-to-6-years-141122503542
failed,https://www.naukri.com/job-listings-senior-devops-engineer-juakali-remote-3-to-8-years-121223501104
failed,https://www.naukri.com/job-listings-sr-devops-engineer-big-leaf-media-remote-5-to-8-years-110423500062
failed,https://www.naukri.com/job-listings-senior-devops-engineer-pan-india-rezilyens-llc-remote-8-to-13-years-081121500705
failed,https://www.naukri.com/job-listings-senior-devops-engineer-innovatia-inc-remote-4-to-8-years-040822500014
failed,https://www.naukri.com/job-listings-devops-engineer-hackajob-remote-2-to-6-years-110624502537
failed,https://www.naukri.com/job-listings-devops-engineer-pan-india-axel-remote-0-to-1-years-230921501409
failed,https://www.naukri.com/job-listings-devops-engineer-busigence-technologies-remote-0-to-2-years-220822501193
failed,https://www.naukri.com/job-listings-openstack-cloud-engineer-devops-openstack-remote-3-to-8-years-300424500800
failed,https://www.naukri.com/job-listings-aws-devops-engineer-tata-consultancy-services-tcs-chennai-bengaluru-delhi-ncr-5-to-8-years-110324007603
failed,https://www.naukri.com/job-listings-aws-devops-engineer-infogain-noida-pune-bangalore-rural-3-to-6-years-040324002199
failed,https://www.naukri.com/job-listings-aws-devops-engineer-ipropal-allps-kolkata-mumbai-new-delhi-hyderabad-pune-chennai-bengaluru-5-to-10-years-190624501952
failed,https://www.naukri.com/job-listings-aws-devops-engineer-tata-consultancy-services-tcs-delhi-ncr-4-to-8-years-070624005566
failed,https://www.naukri.com/job-listings-aws-devops-developer-aws-devops-engineer-sr-aws-devops-developer-4bell-technology-mumbai-bengaluru-delhi-ncr-5-to-10-years-050624911117
failed,https://www.naukri.com/job-listings-aws-devops-engineer-kmccorp-india-kolkata-mumbai-new-delhi-hyderabad-secunderabad-pune-chennai-bangalore-bengaluru-8-to-12-years-220224501024
failed,https://www.naukri.com/job-listings-aws-devops-engineer-freelancer-support-engineer-hatigen-kolkata-mumbai-new-delhi-hyderabad-pune-chennai-bengaluru-5-to-6-years-240823502670
failed,https://www.naukri.com/job-listings-aws-devops-engineer-transformatrix-global-new-delhi-delhi-ncr-2-to-6-years-240624003041
failed,https://www.naukri.com/job-listings-aws-devops-engineer-aliqan-services-noida-gurugram-delhi-ncr-7-to-12-years-240624004327
failed,https://www.naukri.com/job-listings-aws-devops-engineer-with-an-it-brand-immediate-joiners-only-smart-source-delhi-ncr-7-to-12-years-200624006442
failed,https://www.naukri.com/job-listings-sr-aws-devops-engineers-bluespacelabs-gurugram-5-to-8-years-280722502957
failed,https://www.naukri.com/job-listings-aws-devops-engineer-ascendion-engineering-kolkata-chennai-delhi-ncr-6-to-9-years-140624004802
failed,https://www.naukri.com/job-listings-aws-devops-engineer-vayuz-technologies-mumbai-gurugram-delhi-ncr-4-to-9-years-270524904814
failed,https://www.naukri.com/job-listings-aws-devops-engineer-tn-business-services-private-limited-gurugram-3-to-7-years-091122500522
failed,https://www.naukri.com/job-listings-aws-devops-engineer-huquo-consulting-gurugram-4-to-8-years-080624007013
failed,https://www.naukri.com/job-listings-aws-devops-tech-lead-essenware-private-limted-kolkata-mumbai-new-delhi-hyderabad-pune-chennai-bengaluru-5-to-7-years-180624502281
failed,https://www.naukri.com/job-listings-aws-devops-engineer-mnr-solutions-delhi-ncr-2-to-6-years-040624009874
failed,https://www.naukri.com/job-listings-aws-devops-engineer-greensturn-gurugram-1-to-3-years-040624009733
failed,https://www.naukri.com/job-listings-ims-aws-devops-ch-hexaware-technologies-ltd-kolkata-mumbai-new-delhi-hyderabad-pune-chennai-bengaluru-3-to-9-years-160524502196
failed,https://www.naukri.com/job-listings-aws-devops-architect-essenware-private-limted-kolkata-mumbai-new-delhi-hyderabad-pune-chennai-bengaluru-8-to-10-years-030624503551
failed,https://www.naukri.com/job-listings-aws-devops-ipropal-allps-kolkata-mumbai-new-delhi-hyderabad-pune-chennai-bengaluru-3-to-7-years-190624501953
failed,https://www.naukri.com/job-listings-aws-devops-engineer-infogain-noida-pune-bangalore-rural-3-to-6-years-040324002199
failed,https://www.naukri.com/job-listings-aws-devops-nextcomm-corporation-india-kolkata-mumbai-new-delhi-hyderabad-pune-chennai-bengaluru-1-to-8-years-040624501324
failed,https://www.naukri.com/job-listings-aws-devops-engineer-ipropal-allps-kolkata-mumbai-new-delhi-hyderabad-pune-chennai-bengaluru-5-to-10-years-190624501952
failed,https://www.naukri.com/job-listings-aws-devops-tech-lead-essenware-private-limted-kolkata-mumbai-new-delhi-hyderabad-pune-chennai-bengaluru-5-to-7-years-180624502281
failed,https://www.naukri.com/job-listings-aws-devops-engineer-freelancer-support-engineer-hatigen-kolkata-mumbai-new-delhi-hyderabad-pune-chennai-bengaluru-5-to-6-years-240823502670
failed,https://www.naukri.com/job-listings-aws-devops-architect-essenware-private-limted-kolkata-mumbai-new-delhi-hyderabad-pune-chennai-bengaluru-8-to-10-years-030624503551
failed,https://www.naukri.com/job-listings-aws-devops-consultant-sopra-steria-noida-chennai-bengaluru-6-to-10-years-220524000081
failed,https://www.naukri.com/job-listings-aws-devops-engineer-kmccorp-india-kolkata-mumbai-new-delhi-hyderabad-secunderabad-pune-chennai-bangalore-bengaluru-8-to-12-years-220224501024
failed,https://www.naukri.com/job-listings-aws-devops-kmteq-kolkata-mumbai-new-delhi-hyderabad-pune-chennai-bengaluru-6-to-9-years-030723501861
failed,https://www.naukri.com/job-listings-aws-devops-engineer-tn-business-services-private-limited-gurugram-3-to-7-years-091122500522
failed,https://www.naukri.com/job-listings-sr-aws-devops-engineers-bluespacelabs-gurugram-5-to-8-years-280722502957
failed,https://www.naukri.com/job-listings-devops-engineer-ipropal-allps-kolkata-mumbai-new-delhi-hyderabad-pune-chennai-bengaluru-2-to-6-years-260424500944
failed,https://www.naukri.com/job-listings-aws-cloud-engineer-tata-consultancy-services-tcs-noida-gandhinagar-bangalore-rural-4-to-9-years-260523007433
failed,https://www.naukri.com/job-listings-aws-devops-engineer-mnr-solutions-delhi-ncr-2-to-6-years-040624009874
failed,https://www.naukri.com/job-listings-sre-devops-engineer-aws-certified-linux-gurgoan-phase-iii-team-plus-staffing-solution-gurugram-5-to-10-years-170624003143
failed,https://www.naukri.com/job-listings-devops-engineer-easemytrip-com-noida-gurugram-1-to-6-years-220424001633
failed,https://www.naukri.com/job-listings-opening-for-devops-engineer-it-mnc-for-bangalore-noida-location-acuity-it-solutions-noida-bengaluru-5-to-10-years-040624008568
failed,https://www.naukri.com/job-listings-devops-engineer-careerfit-ai-noida-gurugram-delhi-ncr-2-to-7-years-070624005953
failed,https://www.naukri.com/job-listings-aws-devops-engineer-gnxt-systems-noida-3-to-8-years-111120500046
failed,https://www.naukri.com/job-listings-hosting-operations-phiedge-talent-enhancers-gurugram-4-to-6-years-120624012330
failed,https://www.naukri.com/job-listings-application-developer-accenture-solutions-pvt-ltd-gurugram-5-to-7-years-090624901351
failed,https://www.naukri.com/job-listings-senior-devops-engineer-iqor-noida-8-to-12-years-050324009432
failed,https://www.naukri.com/job-listings-azure-net-fsd-professional-programming-com-mohali-dehradun-hyderabad-pune-panchkula-chennai-gurugram-bengaluru-5-to-5-years-110324501356
failed,https://www.naukri.com/job-listings-devops-engineer-ii-devops-developer-freshers-wfh-ramco-engineering-company-softwares-india-s-no-1-pune-delhi-ncr-mumbai-all-areas-0-to-2-years-260624011923
failed,https://www.naukri.com/job-listings-devops-engineer-ipropal-allps-kolkata-mumbai-new-delhi-hyderabad-pune-chennai-bengaluru-3-to-8-years-190624502215
failed,https://www.naukri.com/job-listings-aws-senior-devops-pharmaforceiq-kolkata-mumbai-new-delhi-hyderabad-pune-chennai-bengaluru-5-to-9-years-150323500328
failed,https://www.naukri.com/job-listings-aws-devops-professional-diverse-lynx-noida-9-to-12-years-181223500093
failed,https://www.naukri.com/job-listings-release-manager-iot-engineer-pentair-noida-6-to-11-years-160424005414
failed,https://www.naukri.com/job-listings-senior-software-engineer-senior-devops-engineer-altiux-innovations-pvt-ltd-gurugram-bengaluru-5-to-10-years-140324500231
failed,https://www.naukri.com/job-listings-devops-engineer-lynkit-new-delhi-4-to-8-years-250524000080
failed,https://www.naukri.com/job-listings-splunk-professional-forward-eye-technologies-mumbai-delhi-ncr-bengaluru-5-to-7-years-220624906512
failed,https://www.naukri.com/job-listings-infrastructure-engineer-accenture-solutions-pvt-ltd-noida-bengaluru-5-to-9-years-210624909901
failed,https://www.naukri.com/job-listings-ml-ops-cloud-exl-pune-bangalore-rural-gurugram-4-to-7-years-080324006714
failed,https://www.naukri.com/job-listings-nlp-python-cloud-generative-ai-llm-data-scientist-exl-noida-pune-bengaluru-5-to-10-years-070324011666
failed,https://www.naukri.com/job-listings-lead-devops-engineer-wipro-limited-pune-bengaluru-delhi-ncr-5-to-10-years-260624908355
failed,https://www.naukri.com/job-listings-site-reliability-engineer-devops-srijan-technologies-pvt-ltd-noida-new-delhi-gurugram-bengaluru-3-to-7-years-030624501630
failed,https://www.naukri.com/job-listings-site-reliability-engineer-devops-srijan-a-material-company-noida-new-delhi-gurugram-bengaluru-3-to-5-years-290524500936
failed,https://www.naukri.com/job-listings-senior-analyst-in-python-react-js-aws-wipro-limited-gurugram-bengaluru-4-to-8-years-260624907926
failed,https://www.naukri.com/job-listings-devops-engineer-ii-linux-globallogic-noida-pune-3-to-5-years-140624006765
failed,https://www.naukri.com/job-listings-devops-engineer-short-notice-candidates-are-welcome-antworks-chennai-bengaluru-5-to-10-years-260624004733
failed,https://www.naukri.com/job-listings-devops-engineer-accenture-solutions-pvt-ltd-gurugram-3-to-5-years-200624909616
failed,https://www.naukri.com/job-listings-devops-engineer-oracle-hyderabad-bengaluru-4-to-9-years-250624008885
failed,https://www.naukri.com/job-listings-devops-engineer-accenture-solutions-pvt-ltd-pune-5-to-10-years-190624912176
failed,https://www.naukri.com/job-listings-devops-engineer-accenture-solutions-pvt-ltd-noida-2-to-4-years-190624912560
failed,https://www.naukri.com/job-listings-devops-engineer-accenture-solutions-pvt-ltd-bengaluru-5-to-10-years-200624913322
failed,https://www.naukri.com/job-listings-devops-engineer-bangalore-ablehunt-consulting-bangalore-rural-2-to-7-years-260624012758
failed,https://www.naukri.com/job-listings-devops-engineer-hexaware-technologies-pune-bangalore-rural-chennai-4-to-9-years-210624003976
failed,https://www.naukri.com/job-listings-devops-engineer-accenture-solutions-pvt-ltd-bengaluru-5-to-9-years-210624912430
failed,https://www.naukri.com/job-listings-devops-engineer-accenture-solutions-pvt-ltd-pune-5-to-8-years-210624911126
failed,https://www.naukri.com/job-listings-devops-engineer-accenture-solutions-pvt-ltd-pune-3-to-8-years-190624912773
failed,https://www.naukri.com/job-listings-devops-engineer-simulationhub-kolkata-mumbai-new-delhi-hyderabad-pune-chennai-bengaluru-3-to-5-years-250624503152
failed,https://www.naukri.com/job-listings-devops-engineer-ipropal-allps-kolkata-mumbai-new-delhi-hyderabad-pune-chennai-bengaluru-3-to-8-years-190624502215
failed,https://www.naukri.com/job-listings-gcp-devops-engineer-globant-pune-globant-hyderabad-pune-ahmedabad-4-to-9-years-260624011663
failed,https://www.naukri.com/job-listings-devops-engineer-accenture-solutions-pvt-ltd-gurugram-3-to-5-years-200624911038
failed,https://www.naukri.com/job-listings-devops-engineer-sumo-logic-noida-2-to-5-years-250624503162
failed,https://www.naukri.com/job-listings-devops-engineer-for-powai-and-bangalore-location-bolt-on-global-solutions-services-private-limite-bangalore-rural-bengaluru-mumbai-all-areas-4-to-6-years-110124010095
failed,https://www.naukri.com/job-listings-devops-engineer-accenture-solutions-pvt-ltd-bengaluru-3-to-5-years-130624913993
failed,https://www.naukri.com/job-listings-devops-engineer-zenatix-solutions-gurugram-3-to-5-years-260624007933
failed,https://www.naukri.com/job-listings-devops-engineer-accenture-solutions-pvt-ltd-bengaluru-3-to-8-years-210624909929
failed,https://www.naukri.com/job-listings-devops-engineer-nurdsoft-remote-5-to-7-years-280224500919
failed,https://www.naukri.com/job-listings-devops-engineer-hackajob-remote-2-to-6-years-110624502537
failed,https://www.naukri.com/job-listings-devops-engineer-bits-in-glass-remote-4-to-8-years-230123503255
failed,https://www.naukri.com/job-listings-devops-engineer-maynor-consulting-pvt-ltd-remote-2-to-4-years-271123500341
failed,https://www.naukri.com/job-listings-devops-engineer-voicetree-technologies-pvt-ltd-remote-4-to-5-years-051021500678
failed,https://www.naukri.com/job-listings-devops-engineer-antavo-remote-3-to-8-years-170823501445
failed,https://www.naukri.com/job-listings-devops-kubernetes-engineer-the-hiring-box-remote-5-to-10-years-240723501511
failed,https://www.naukri.com/job-listings-devops-engineer-marktine-remote-3-to-6-years-251021502298
failed,https://www.naukri.com/job-listings-devops-engineer-optitex-india-pvt-ltd-remote-4-to-8-years-290822502351
failed,https://www.naukri.com/job-listings-devops-engineer-sledding-technologies-pvt-ltd-remote-7-to-9-years-150424500194
failed,https://www.naukri.com/job-listings-devops-engineer-liminal-custody-solutions-remote-3-to-4-years-070324502444
failed,https://www.naukri.com/job-listings-devops-engineer-upstack-remote-2-to-6-years-260822501612
failed,https://www.naukri.com/job-listings-devops-engineer-clouddrove-remote-2-to-6-years-150523500722
failed,https://www.naukri.com/job-listings-devops-engineer-blackbaud-remote-2-to-7-years-300920501242
failed,https://www.naukri.com/job-listings-devops-engineer-juakali-remote-3-to-6-years-220424500633
failed,https://www.naukri.com/job-listings-devops-engineer-pan-india-optimus-remote-2-to-5-years-141221500545
failed,https://www.naukri.com/job-listings-devops-engineer-nethermind-remote-2-to-6-years-120424501473
failed,https://www.naukri.com/job-listings-devops-engineer-elastic-serve-private-limited-remote-2-to-4-years-040324501588
failed,https://www.naukri.com/job-listings-sre-devops-engineer-stream-global-services-pvt-ltd-remote-6-to-8-years-100624502498
failed,https://www.naukri.com/job-listings-devops-engineer-remote-climate-connect-remote-2-to-7-years-070823501180
failed,https://www.naukri.com/job-listings-devops-engineer-oracle-noida-bengaluru-5-to-10-years-280524006824
failed,https://www.naukri.com/job-listings-devops-engineer-intersoft-kk-kolkata-mumbai-new-delhi-hyderabad-pune-chennai-bengaluru-2-to-4-years-290224502484
failed,https://www.naukri.com/job-listings-devops-engineer-unityonecloud-kolkata-mumbai-new-delhi-hyderabad-pune-chennai-bengaluru-4-to-9-years-260324502783
failed,https://www.naukri.com/job-listings-devops-engineer-railsfactory-kolkata-mumbai-new-delhi-hyderabad-pune-chennai-bengaluru-2-to-6-years-150323500152
failed,https://www.naukri.com/job-listings-devops-engineer-response-informatics-kolkata-mumbai-new-delhi-hyderabad-pune-chennai-bengaluru-4-to-7-years-070324500975
failed,https://www.naukri.com/job-listings-devops-engineer-northcorp-software-pvt-ltd-gurugram-2-to-3-years-220421500016
failed,https://www.naukri.com/job-listings-devops-engineer-ci-cd-tooling-axa-technology-services-india-pvt-ltd-gurugram-4-to-7-years-040324501988
failed,https://www.naukri.com/job-listings-intermediate-devops-engineer-gembo-kolkata-mumbai-new-delhi-hyderabad-secunderabad-pune-chennai-bangalore-bengaluru-3-to-6-years-210723502432
failed,https://www.naukri.com/job-listings-devops-engineer-bluespacelabs-gurugram-2-to-7-years-280722502953
failed,https://www.naukri.com/job-listings-devops-engineer-diverse-lynx-gurgaon-4-to-9-years-220221500805
failed,https://www.naukri.com/job-listings-devops-engineer-united-private-cloud-kolkata-mumbai-new-delhi-hyderabad-pune-chennai-bengaluru-4-to-9-years-121223501113
failed,https://www.naukri.com/job-listings-devops-engineer-balbix-gurugram-bengaluru-4-to-8-years-040222500506
failed,https://www.naukri.com/job-listings-devops-engineer-ncpl-inc-kolkata-mumbai-new-delhi-hyderabad-pune-chennai-bengaluru-4-to-8-years-050920500852
failed,https://www.naukri.com/job-listings-devops-backend-engineer-diverse-lynx-noida-2-to-5-years-110621501072
failed,https://www.naukri.com/job-listings-devops-engineer-coders-brain-pvt-ltd-kolkata-mumbai-new-delhi-hyderabad-secunderabad-pune-chennai-bangalore-bengaluru-1-to-4-years-250823501464
failed,https://www.naukri.com/job-listings-devops-engineer-lynkit-new-delhi-4-to-8-years-250524000080
failed,https://www.naukri.com/job-listings-devops-engineer-climstech-faridabad-1-to-3-years-291223501142
failed,https://www.naukri.com/job-listings-devops-track-engineer-hexaware-technologies-ltd-kolkata-mumbai-new-delhi-hyderabad-pune-chennai-bengaluru-5-to-7-years-160524502302
failed,https://www.naukri.com/job-listings-devops-engineer-coders-brain-pvt-ltd-kolkata-mumbai-new-delhi-hyderabad-secunderabad-pune-chennai-bangalore-bengaluru-2-to-7-years-250823501458
failed,https://www.naukri.com/job-listings-devops-engineer-wheebox-gurugram-0-to-1-years-130624905996
failed,https://www.naukri.com/job-listings-gcp-cloud-engineer-iii-rackspace-technology-remote-4-to-7-years-140324500827
failed,https://www.naukri.com/job-listings-java-dev-google-cloud-practice-engineer-rackspace-technology-remote-4-to-8-years-150424500448
failed,https://www.naukri.com/job-listings-gcp-cloud-engineer-rackspace-technology-remote-4-to-8-years-080424501069
failed,https://www.naukri.com/job-listings-gcp-cloud-engineer-iii-rackspace-technology-remote-4-to-7-years-010424500566
failed,https://www.naukri.com/job-listings-google-cloud-senior-data-engineer-tror-ai-for-everyone-remote-7-to-9-years-170424501804
failed,https://www.naukri.com/job-listings-alliance-marketing-operations-specialist-cloud-intone-networks-remote-2-to-6-years-240624500541
failed,https://www.naukri.com/job-listings-is-cloud-security-engineer-intone-networks-remote-2-to-6-years-240624500549
failed,https://www.naukri.com/job-listings-cloud-architect-nexturn-remote-6-to-8-years-300524501889
failed,https://www.naukri.com/job-listings-cloud-associate-architect-nexturn-remote-6-to-11-years-300524501888
failed,https://www.naukri.com/job-listings-senior-cloud-architect-core-partner-nexturn-remote-6-to-8-years-300524501886
failed,https://www.naukri.com/job-listings-associate-cloud-architect-nexturn-remote-6-to-9-years-300524501885
failed,https://www.naukri.com/job-listings-cloud-network-engineer-intone-networks-remote-8-to-10-years-030424500092
failed,https://www.naukri.com/job-listings-google-cloud-platform-developer-flipkoins-remote-7-to-10-years-290523501532
failed,https://www.naukri.com/job-listings-google-cloud-platform-architect-coders-brain-pvt-ltd-remote-7-to-10-years-280823500986
failed,https://www.naukri.com/job-listings-cloud-architect-migration-nexturn-nexturn-remote-8-to-13-years-220523500521
failed,https://www.naukri.com/job-listings-cloud-consultant-azure-cloud-9-infosystems-private-limited-remote-2-to-7-years-220922502596
failed,https://www.naukri.com/job-listings-cloud-infra-automation-architect-devops-engineer-logiquad-solutions-remote-4-to-6-years-120224500032
failed,https://www.naukri.com/job-listings-salesforce-professional-gravity-infosolutions-remote-4-to-8-years-280324500395
failed,https://www.naukri.com/job-listings-salesforce-commerce-cloud-developer-b2b-gravity-infosolutions-remote-4-to-7-years-280324500394
failed,https://www.naukri.com/job-listings-aws-cloud-practice-engineer-iii-iv-rackspace-technology-remote-7-to-12-years-150324500038
failed,https://www.naukri.com/job-listings-cloud-operations-engineer-devops-snp-managment-best-company-remote-1-to-6-years-040722501262
failed,https://www.naukri.com/job-listings-aws-cloud-practice-engineer-iii-iv-rackspace-technology-remote-7-to-12-years-260224500204
failed,https://www.naukri.com/job-listings-aws-cloud-development-engineer-hyqoo-remote-2-to-6-years-240723500009
failed,https://www.naukri.com/job-listings-openstack-cloud-engineer-devops-openstack-remote-3-to-8-years-300424500800
failed,https://www.naukri.com/job-listings-sap-commerce-cloud-ui-developer-intone-networks-remote-2-to-6-years-240624500559
failed,https://www.naukri.com/job-listings-oracle-hcm-cloud-professional-intone-networks-remote-2-to-7-years-240624500556
failed,https://www.naukri.com/job-listings-cloud-administrator-vaysinfotech-pvt-ltd-remote-3-to-6-years-271222500725
failed,https://www.naukri.com/job-listings-aws-infrastructure-administrator-aws-cloud-engineer-mnj-software-private-limited-remote-2-to-6-years-101122502452
failed,https://www.naukri.com/job-listings-senior-cloud-operations-engineer-snp-managment-best-company-remote-2-to-7-years-040722501268
failed,https://www.naukri.com/job-listings-cloud-engineer-azure-hyqoo-remote-3-to-7-years-240723500012
failed,https://www.naukri.com/job-listings-cloud-operations-engineer-neo4j-remote-5-to-7-years-021123500713
failed,https://www.naukri.com/job-listings-cloud-engineer-bold-business-remote-5-to-10-years-160524500384
failed,https://www.naukri.com/job-listings-cloud-platforms-engineer-aws-fueled-remote-5-to-6-years-010324500148
failed,https://www.naukri.com/job-listings-openstack-cloud-engineer-openstack-remote-3-to-7-years-290124502028
failed,https://www.naukri.com/job-listings-cloud-operation-engineer-coders-brain-pvt-ltd-remote-5-to-8-years-250823502634
failed,https://www.naukri.com/job-listings-senior-observability-engineer-devops-liveperson-remote-5-to-10-years-120624502550
failed,https://www.naukri.com/job-listings-software-engineer-iii-backend-atlan-remote-3-to-8-years-060524503033
failed,https://www.naukri.com/job-listings-aws-cloud-engineer-flipkoins-remote-5-to-6-years-290523501473
failed,https://www.naukri.com/job-listings-hcmx-hybrid-cloud-management-x-professional-coders-brain-pvt-ltd-remote-2-to-5-years-280823500091
failed,https://www.naukri.com/job-listings-allcloud-cloud-architect-sd-solutions-remote-4-to-8-years-210623500433
failed,https://www.naukri.com/job-listings-cloud-engineer-gcp-tacnique-kolkata-mumbai-new-delhi-hyderabad-pune-chennai-bengaluru-3-to-7-years-200324500691
failed,https://www.naukri.com/job-listings-google-cloud-engineer-han-digital-solution-p-hyderabad-delhi-pune-bengaluru-3-to-6-years-140520500568
failed,https://www.naukri.com/job-listings-professional-cloud-engineer-lister-technologies-pvt-ltd-kolkata-mumbai-new-delhi-hyderabad-pune-chennai-bengaluru-3-to-5-years-100624500414
failed,https://www.naukri.com/job-listings-cloud-native-engineer-accenture-solutions-pvt-ltd-gurugram-3-to-5-years-280524912687
failed,https://www.naukri.com/job-listings-staff-software-engineer-cloud-platform-startree-kolkata-mumbai-new-delhi-hyderabad-pune-chennai-bengaluru-2-to-6-years-120424500906
failed,https://www.naukri.com/job-listings-cloud-architect-gcp-cloud-advance-career-solutions-gurugram-bengaluru-mumbai-all-areas-8-to-10-years-260624012403
failed,https://www.naukri.com/job-listings-cloud-security-consultant-aujas-cybersecurity-an-nseit-company-mumbai-gurugram-bengaluru-3-to-12-years-080322501920
failed,https://www.naukri.com/job-listings-principal-engineer-aws-google-cloud-platform-mobile-programming-llc-mumbai-bengaluru-delhi-ncr-3-to-4-years-300524911542
failed,https://www.naukri.com/job-listings-cloud-devops-engineers-knitlogix-mumbai-new-delhi-hyderabad-chennai-bengaluru-1-to-3-years-271123500462
failed,https://www.naukri.com/job-listings-application-developer-google-cloud-full-stack-ibm-india-pvt-limited-gurugram-3-to-6-years-250624911033
failed,https://www.naukri.com/job-listings-data-engineering-google-cloud-python-scala-big-data-essenware-private-limted-kolkata-mumbai-new-delhi-hyderabad-pune-chennai-bengaluru-3-to-6-years-060624502972
failed,https://www.naukri.com/job-listings-senior-java-developer-with-cloud-gspann-technologies-noida-hyderabad-gurugram-5-to-10-years-040624009812
failed,https://www.naukri.com/job-listings-cloud-sales-specialist-denave-noida-1-to-6-years-260624007343
failed,https://www.naukri.com/job-listings-gcp-cloud-architect-vishanz-business-services-hyderabad-pune-chennai-bengaluru-delhi-ncr-mumbai-all-areas-8-to-13-years-270524002700
failed,https://www.naukri.com/job-listings-java-cloud-engineer-bhavik-m-bardoliwala-gurugram-chennai-5-to-8-years-260624006222
failed,https://www.naukri.com/job-listings-opening-for-gcp-cloud-architect-in-pune-delhi-only-searce-noida-pune-gurugram-9-to-14-years-110424002622
failed,https://www.naukri.com/job-listings-sr-azure-cloud-engineer-coders-brain-pvt-ltd-kolkata-mumbai-new-delhi-hyderabad-pune-chennai-bengaluru-10-to-12-years-280823502358
failed,https://www.naukri.com/job-listings-oracle-cloud-engineer-architect-fort-technologies-kolkata-mumbai-new-delhi-hyderabad-pune-chennai-bengaluru-8-to-16-years-080524501817
failed,https://www.naukri.com/job-listings-full-time-opportunity-for-azure-gcp-cloud-core-with-ntt-data-ntt-data-information-processing-services-chennai-bengaluru-delhi-ncr-10-to-20-years-210624005854
failed,https://www.naukri.com/job-listings-cloud-services-engineer-accenture-solutions-pvt-ltd-gurugram-3-to-7-years-050624903772
failed,https://www.naukri.com/job-listings-cloud-platform-engineer-accenture-solutions-pvt-ltd-gurugram-gurgram-2-to-6-years-210624911325
failed,https://www.naukri.com/job-listings-cloud-financial-analyst-srs-solution-noida-mumbai-pune-chennai-bengaluru-5-to-8-years-270324501753
failed,https://www.naukri.com/job-listings-epm-cloud-consultant-ibm-india-pvt-limited-gurugram-4-to-8-years-250624907961
failed,https://www.naukri.com/job-listings-epm-cloud-consultant-ibm-india-pvt-limited-gurugram-2-to-6-years-240624906263
failed,https://www.naukri.com/job-listings-cloud-platform-engineer-accenture-solutions-pvt-ltd-gurugram-2-to-4-years-130624913964
failed,https://www.naukri.com/job-listings-cloud-platform-engineer-accenture-solutions-pvt-ltd-gurugram-5-to-7-years-130624911775
failed,https://www.naukri.com/job-listings-cloud-platform-engineer-accenture-solutions-pvt-ltd-gurugram-5-to-10-years-110624911175
failed,https://www.naukri.com/job-listings-cloud-data-engineer-neal-analytics-mumbai-pune-chennai-gurugram-bengaluru-2-to-7-years-110124501600
failed,https://www.naukri.com/job-listings-full-time-opportunity-dba-cloud-database-sr-engineer-with-ntt-data-ntt-data-information-processing-services-private-l-imited-noida-bangalore-rural-chennai-7-to-12-years-260624011604
failed,https://www.naukri.com/job-listings-senior-cloud-engineer-sendhelper-kolkata-mumbai-new-delhi-hyderabad-pune-chennai-bengaluru-4-to-7-years-120923500782
failed,https://www.naukri.com/job-listings-cloud-engineer-ipropal-allps-kolkata-mumbai-new-delhi-hyderabad-secunderabad-pune-chennai-bangalore-bengaluru-3-to-5-years-160823500409
failed,https://www.naukri.com/job-listings-java-dev-google-cloud-practice-engineer-rackspace-technology-hyderabad-gurugram-bengaluru-4-to-8-years-150424501868
failed,https://www.naukri.com/job-listings-application-developer-cloud-fullstack-ibm-india-pvt-limited-gurugram-3-to-7-years-180624903939
failed,https://www.naukri.com/job-listings-cloud-platform-engineer-accenture-solutions-pvt-ltd-gurugram-3-to-5-years-140624909948
failed,https://www.naukri.com/job-listings-cloud-platform-engineer-accenture-solutions-pvt-ltd-gurugram-3-to-5-years-070624906685
failed,https://www.naukri.com/job-listings-cloud-platform-engineer-accenture-solutions-pvt-ltd-gurugram-3-to-5-years-040624912743
failed,https://www.naukri.com/job-listings-cloud-operations-lead-essenware-private-limted-kolkata-mumbai-new-delhi-hyderabad-pune-chennai-bengaluru-4-to-7-years-210524501691
failed,https://www.naukri.com/job-listings-google-cloud-admin-response-informatics-kolkata-mumbai-new-delhi-hyderabad-pune-chennai-bengaluru-3-to-4-years-191023500608
failed,https://www.naukri.com/job-listings-cloud-engineering-track-cloudseed-technologies-kolkata-mumbai-new-delhi-hyderabad-secunderabad-pune-chennai-bangalore-bengaluru-3-to-6-years-070823501263
failed,https://www.naukri.com/job-listings-it-technical-lead-cloud-and-ai-cosmic-it-kolkata-mumbai-new-delhi-hyderabad-pune-chennai-bengaluru-3-to-8-years-050424500274
failed,https://www.naukri.com/job-listings-cloud-engineer-gcp-tacnique-kolkata-mumbai-new-delhi-hyderabad-pune-chennai-bengaluru-3-to-7-years-200324500691
failed,https://www.naukri.com/job-listings-google-cloud-engineer-han-digital-solution-p-hyderabad-delhi-pune-bengaluru-3-to-6-years-140520500568
failed,https://www.naukri.com/job-listings-cloud-native-engineer-accenture-solutions-pvt-ltd-gurugram-3-to-5-years-280524912687
failed,https://www.naukri.com/job-listings-professional-cloud-engineer-lister-technologies-pvt-ltd-kolkata-mumbai-new-delhi-hyderabad-pune-chennai-bengaluru-3-to-5-years-100624500414
failed,https://www.naukri.com/job-listings-cloud-architect-gcp-cloud-advance-career-solutions-gurugram-bengaluru-mumbai-all-areas-8-to-10-years-260624012403
failed,https://www.naukri.com/job-listings-staff-software-engineer-cloud-platform-startree-kolkata-mumbai-new-delhi-hyderabad-pune-chennai-bengaluru-2-to-6-years-120424500906
failed,https://www.naukri.com/job-listings-cloud-security-consultant-aujas-cybersecurity-an-nseit-company-mumbai-gurugram-bengaluru-3-to-12-years-080322501920
failed,https://www.naukri.com/job-listings-principal-engineer-aws-google-cloud-platform-mobile-programming-llc-mumbai-bengaluru-delhi-ncr-3-to-4-years-300524911542
failed,https://www.naukri.com/job-listings-cloud-devops-engineers-knitlogix-mumbai-new-delhi-hyderabad-chennai-bengaluru-1-to-3-years-271123500462
failed,https://www.naukri.com/job-listings-application-developer-google-cloud-full-stack-ibm-india-pvt-limited-gurugram-3-to-6-years-250624911033
failed,https://www.naukri.com/job-listings-data-engineering-google-cloud-python-scala-big-data-essenware-private-limted-kolkata-mumbai-new-delhi-hyderabad-pune-chennai-bengaluru-3-to-6-years-060624502972
failed,https://www.naukri.com/job-listings-senior-java-developer-with-cloud-gspann-technologies-noida-hyderabad-gurugram-5-to-10-years-040624009812
failed,https://www.naukri.com/job-listings-cloud-sales-specialist-denave-noida-1-to-6-years-260624007343
failed,https://www.naukri.com/job-listings-gcp-cloud-architect-vishanz-business-services-hyderabad-pune-chennai-bengaluru-delhi-ncr-mumbai-all-areas-8-to-13-years-270524002700
failed,https://www.naukri.com/job-listings-java-cloud-engineer-bhavik-m-bardoliwala-gurugram-chennai-5-to-8-years-260624006222
failed,https://www.naukri.com/job-listings-opening-for-gcp-cloud-architect-in-pune-delhi-only-searce-noida-pune-gurugram-9-to-14-years-110424002622
failed,https://www.naukri.com/job-listings-sr-azure-cloud-engineer-coders-brain-pvt-ltd-kolkata-mumbai-new-delhi-hyderabad-pune-chennai-bengaluru-10-to-12-years-280823502358
failed,https://www.naukri.com/job-listings-oracle-cloud-engineer-architect-fort-technologies-kolkata-mumbai-new-delhi-hyderabad-pune-chennai-bengaluru-8-to-16-years-080524501817
failed,https://www.naukri.com/job-listings-full-time-opportunity-for-azure-gcp-cloud-core-with-ntt-data-ntt-data-information-processing-services-chennai-bengaluru-delhi-ncr-10-to-20-years-210624005854
failed,https://www.naukri.com/job-listings-cloud-services-engineer-accenture-solutions-pvt-ltd-gurugram-3-to-7-years-050624903772
failed,https://www.naukri.com/job-listings-devops-engineer-nurdsoft-remote-5-to-7-years-280224500919
failed,https://www.naukri.com/job-listings-devops-engineer-sledding-technologies-pvt-ltd-remote-7-to-9-years-150424500194
failed,https://www.naukri.com/job-listings-devops-engineer-hackajob-remote-2-to-6-years-110624502537
failed,https://www.naukri.com/job-listings-devops-engineer-maynor-consulting-pvt-ltd-remote-2-to-4-years-271123500341
failed,https://www.naukri.com/job-listings-devops-engineer-voicetree-technologies-pvt-ltd-remote-4-to-5-years-051021500678
failed,https://www.naukri.com/job-listings-aws-data-developer-intone-networks-remote-1-to-5-years-240624500542
failed,https://www.naukri.com/job-listings-devops-kubernetes-engineer-the-hiring-box-remote-5-to-10-years-240723501511
failed,https://www.naukri.com/job-listings-gcp-cloud-engineer-iii-rackspace-technology-remote-4-to-7-years-140324500827
failed,https://www.naukri.com/job-listings-salesforce-professional-gravity-infosolutions-remote-4-to-8-years-280324500395
failed,https://www.naukri.com/job-listings-devops-azure-aws-terraform-intone-networks-remote-4-to-9-years-290324501008
failed,https://www.naukri.com/job-listings-aws-cloud-practice-engineer-iii-iv-rackspace-technology-remote-7-to-12-years-150324500038
failed,https://www.naukri.com/job-listings-platform-architect-intone-networks-remote-4-to-9-years-240624500064
failed,https://www.naukri.com/job-listings-devops-engineer-remote-climate-connect-remote-2-to-7-years-070823501180
failed,https://www.naukri.com/job-listings-aws-devops-engineer-ipropal-allps-remote-3-to-7-years-130624502473
failed,https://www.naukri.com/job-listings-sr-data-engineer-intone-networks-remote-2-to-6-years-240624500728
failed,https://www.naukri.com/job-listings-aws-developer-avestan-technologies-remote-2-to-5-years-160524502691
failed,https://www.naukri.com/job-listings-aws-cloud-practice-engineer-iii-iv-rackspace-technology-remote-7-to-12-years-260224500204
failed,https://www.naukri.com/job-listings-devops-aws-inter-pan-india-veridic-solutions-remote-5-to-7-years-290422502219
failed,https://www.naukri.com/job-listings-aws-cloud-development-engineer-hyqoo-remote-2-to-6-years-240723500009
failed,https://www.naukri.com/job-listings-aws-expert-intellica-remote-3-to-8-years-220323500768
failed,https://www.naukri.com/job-listings-infrastructure-consultant-aws-linux-administrator-brighttier-remote-4-to-8-years-060323501889
failed,https://www.naukri.com/job-listings-comcast-jc-approval-coders-brain-pvt-ltd-remote-5-to-6-years-250823502656
failed,https://www.naukri.com/job-listings-aws-admin-coders-brain-pvt-ltd-remote-4-to-6-years-280823500939
failed,https://www.naukri.com/job-listings-senior-devops-engineer-aws-azure-techbiz-global-remote-5-to-10-years-170424500893
failed,https://www.naukri.com/job-listings-java-aws-developer-coders-brain-pvt-ltd-remote-5-to-9-years-280823503030
failed,https://www.naukri.com/job-listings-aws-infrastructure-administrator-aws-cloud-engineer-mnj-software-private-limited-remote-2-to-6-years-101122502452
failed,https://www.naukri.com/job-listings-aws-textract-developer-coders-brain-pvt-ltd-remote-4-to-9-years-260823500254
failed,https://www.naukri.com/job-listings-devops-engineer-pan-india-axel-remote-0-to-1-years-230921501409
failed,https://www.naukri.com/job-listings-java-developer-with-aws-coders-brain-pvt-ltd-remote-4-to-10-years-280823500806
failed,https://www.naukri.com/job-listings-java-developer-with-aws-coders-brain-pvt-ltd-remote-4-to-8-years-280823500757
failed,https://www.naukri.com/job-listings-nodejs-aws-backend-developer-coders-brain-pvt-ltd-remote-5-to-10-years-280823500702
failed,https://www.naukri.com/job-listings-dot-net-aws-developer-coders-brain-pvt-ltd-remote-3-to-8-years-250823500775
failed,https://www.naukri.com/job-listings-senior-java-aws-developer-mobileprogramming-remote-5-to-9-years-250522501633
failed,https://www.naukri.com/job-listings-js-developer-with-aws-inceptial-infrastructure-amp-technology-llp-remote-4-to-7-years-071122503232
failed,https://www.naukri.com/job-listings-sr-backend-engineer-java-optiwise-ai-remote-5-to-10-years-230424501432
failed,https://www.naukri.com/job-listings-sr-backend-engineer-python-optiwise-ai-remote-5-to-10-years-230424501424
failed,https://www.naukri.com/job-listings-site-reliability-engineer-sticker-mule-remote-2-to-7-years-210820500668
failed,https://www.naukri.com/job-listings-data-engineer-ii-snowflake-aws-sql-etl-vipre-security-group-remote-4-to-8-years-200524500939
failed,https://www.naukri.com/job-listings-data-engineer-ii-snowflake-aws-sql-etl-spiceworks-remote-4-to-7-years-200524500794
failed,https://www.naukri.com/job-listings-aws-data-engineer-numentica-private-limited-remote-2-to-5-years-040624500488
failed,https://www.naukri.com/job-listings-devops-engineer-accenture-solutions-pvt-ltd-gurugram-3-to-5-years-200624909616
failed,https://www.naukri.com/job-listings-devops-engineer-ipropal-allps-kolkata-mumbai-new-delhi-hyderabad-pune-chennai-bengaluru-3-to-8-years-190624502215
failed,https://www.naukri.com/job-listings-devops-engineer-sumo-logic-noida-2-to-5-years-250624503162
failed,https://www.naukri.com/job-listings-devops-engineer-zenatix-solutions-gurugram-3-to-5-years-260624007933
failed,https://www.naukri.com/job-listings-devops-engineer-accenture-solutions-pvt-ltd-noida-2-to-4-years-190624912560
failed,https://www.naukri.com/job-listings-devops-engineer-n-sight-consulting-group-gurugram-2-to-4-years-110624005319
failed,https://www.naukri.com/job-listings-devops-engineer-simulationhub-kolkata-mumbai-new-delhi-hyderabad-pune-chennai-bengaluru-3-to-5-years-250624503152
failed,https://www.naukri.com/job-listings-devops-engineer-bluespacelabs-gurugram-2-to-7-years-280722502953
failed,https://www.naukri.com/job-listings-devops-engineer-diverse-lynx-gurgaon-4-to-9-years-220221500805
failed,https://www.naukri.com/job-listings-devops-engineer-hcl-avitas-noida-4-to-5-years-250624502986
failed,https://www.naukri.com/job-listings-devops-backend-engineer-diverse-lynx-noida-2-to-5-years-110621501072
failed,https://www.naukri.com/job-listings-devops-engineer-ipropal-allps-kolkata-mumbai-new-delhi-hyderabad-pune-chennai-bengaluru-2-to-6-years-260424500944
failed,https://www.naukri.com/job-listings-devops-engineer-easemytrip-com-noida-gurugram-1-to-6-years-220424001633
failed,https://www.naukri.com/job-listings-070423501199
failed,https://www.naukri.com/job-listings-open-position-devops-engineer-exp-2-yrs-location-delhi-celeris-new-delhi-2-to-5-years-120324010095
failed,https://www.naukri.com/job-listings-devops-engineer-diverse-lynx-gurugram-2-to-7-years-210522500729
failed,https://www.naukri.com/job-listings-devops-engineer-arting-digital-kolkata-mumbai-new-delhi-hyderabad-pune-chennai-bengaluru-2-to-6-years-250424500925
failed,https://www.naukri.com/job-listings-devops-engineer-ipropal-allps-kolkata-mumbai-new-delhi-hyderabad-pune-chennai-bengaluru-4-to-9-years-250424501238
failed,https://www.naukri.com/job-listings-devops-engineer-intersoft-kk-kolkata-mumbai-new-delhi-hyderabad-pune-chennai-bengaluru-2-to-4-years-290224502484
failed,https://www.naukri.com/job-listings-devops-engineer-northcorp-software-pvt-ltd-gurugram-2-to-3-years-220421500016
failed,https://www.naukri.com/job-listings-devops-engineer-accenture-solutions-pvt-ltd-gurugram-3-to-5-years-200624909616
failed,https://www.naukri.com/job-listings-devops-engineer-ipropal-allps-kolkata-mumbai-new-delhi-hyderabad-pune-chennai-bengaluru-3-to-8-years-190624502215
failed,https://www.naukri.com/job-listings-devops-engineer-sumo-logic-noida-2-to-5-years-250624503162
failed,https://www.naukri.com/job-listings-devops-engineer-zenatix-solutions-gurugram-3-to-5-years-260624007933
failed,https://www.naukri.com/job-listings-devops-engineer-accenture-solutions-pvt-ltd-noida-2-to-4-years-190624912560
failed,https://www.naukri.com/job-listings-devops-engineer-n-sight-consulting-group-gurugram-2-to-4-years-110624005319
failed,https://www.naukri.com/job-listings-devops-engineer-simulationhub-kolkata-mumbai-new-delhi-hyderabad-pune-chennai-bengaluru-3-to-5-years-250624503152
failed,https://www.naukri.com/job-listings-devops-engineer-bluespacelabs-gurugram-2-to-7-years-280722502953
failed,https://www.naukri.com/job-listings-devops-engineer-diverse-lynx-gurgaon-4-to-9-years-220221500805
failed,https://www.naukri.com/job-listings-devops-engineer-hcl-avitas-noida-4-to-5-years-250624502986
failed,https://www.naukri.com/job-listings-devops-backend-engineer-diverse-lynx-noida-2-to-5-years-110621501072
failed,https://www.naukri.com/job-listings-devops-engineer-ipropal-allps-kolkata-mumbai-new-delhi-hyderabad-pune-chennai-bengaluru-2-to-6-years-260424500944
failed,https://www.naukri.com/job-listings-devops-engineer-easemytrip-com-noida-gurugram-1-to-6-years-220424001633
failed,https://www.naukri.com/job-listings-070423501199
failed,https://www.naukri.com/job-listings-open-position-devops-engineer-exp-2-yrs-location-delhi-celeris-new-delhi-2-to-5-years-120324010095
failed,https://www.naukri.com/job-listings-devops-engineer-diverse-lynx-gurugram-2-to-7-years-210522500729
failed,https://www.naukri.com/job-listings-devops-engineer-arting-digital-kolkata-mumbai-new-delhi-hyderabad-pune-chennai-bengaluru-2-to-6-years-250424500925
failed,https://www.naukri.com/job-listings-devops-engineer-ipropal-allps-kolkata-mumbai-new-delhi-hyderabad-pune-chennai-bengaluru-4-to-9-years-250424501238
failed,https://www.naukri.com/job-listings-devops-engineer-intersoft-kk-kolkata-mumbai-new-delhi-hyderabad-pune-chennai-bengaluru-2-to-4-years-290224502484
failed,https://www.naukri.com/job-listings-devops-engineer-northcorp-software-pvt-ltd-gurugram-2-to-3-years-220421500016
failed,https://www.naukri.com/job-listings-devops-engineer-accenture-solutions-pvt-ltd-noida-7-to-9-years-210624911524
failed,https://www.naukri.com/job-listings-devops-engineer-climstech-faridabad-1-to-3-years-291223501142
failed,https://www.naukri.com/job-listings-devops-engineer-wheebox-gurugram-0-to-1-years-130624905996
failed,https://www.naukri.com/job-listings-devops-engineer-naehas-gurugram-4-to-6-years-160224500863
failed,https://www.naukri.com/job-listings-devops-engineer-xivtech-new-delhi-2-to-3-years-110324501447
failed,https://www.naukri.com/job-listings-devops-engineer-diverse-lynx-gurugram-2-to-7-years-080321501088
failed,https://www.naukri.com/job-listings-devops-engineer-vuca-consulting-noida-hyderabad-pune-chennai-bengaluru-thiruvananthapuram-6-to-10-years-310524005663
failed,https://www.naukri.com/job-listings-devops-engineer-appzlogic-appzlogic-mobility-solutions-pvt-ltd-noida-1-to-3-years-140823500200
failed,https://www.naukri.com/job-listings-devops-engineer-diverse-lynx-gurgaon-4-to-9-years-220221500806
failed,https://www.naukri.com/job-listings-devops-engineer-diverse-lynx-noida-3-to-5-years-050221502251
failed,https://www.naukri.com/job-listings-devops-engineer-response-informatics-kolkata-mumbai-new-delhi-hyderabad-pune-chennai-bengaluru-7-to-9-years-061023500758
failed,https://www.naukri.com/job-listings-devops-engineer-thotnr-consulting-new-delhi-3-to-5-years-220323500690
failed,https://www.naukri.com/job-listings-sre-devops-engineer-dizvik-technologies-noida-5-to-10-years-190321500962
failed,https://www.naukri.com/job-listings-devops-engineer-serigor-inc-gurugram-3-to-7-years-170822502665
failed,https://www.naukri.com/job-listings-devops-engineer-infinity-soft-systems-noida-new-delhi-4-to-8-years-140922501074
failed,https://www.naukri.com/job-listings-devops-engineer-gnxt-systems-noida-3-to-8-years-030920500545
failed,https://www.naukri.com/job-listings-python-chatgpt-amazon-bedrock-aws-globallogic-noida-pune-bengaluru-3-to-5-years-140624006649
failed,https://www.naukri.com/job-listings-devops-engineer-careerfit-ai-noida-gurugram-delhi-ncr-2-to-7-years-070624005953
failed,https://www.naukri.com/job-listings-hiring-for-a-devops-engineer-gurgaon-ecom-express-gurugram-3-to-8-years-100624004827
failed,https://www.naukri.com/job-listings-devops-engineer-ontic-noida-3-to-4-years-210524500411
